{
    "nodes": {
        "_fun_f": [
            -352.75,
            -51.406984453971035
        ],
        "_res_r": [
            -152.82627359544207,
            -51.406984453971035
        ],
        "a": [
            -251.3984375,
            -69.28515625
        ],
        "a_r2_a_f2": [
            -268.98857625084605,
            -22.32915242272103
        ],
        "a_r__res_r_r": [
            -202.58769734459605,
            -36.406984453971035
        ],
        "_fun_f_f_a_f": [
            -323.944091796875,
            -36.406984453971035
        ]
    },
    "edges": {
        "_fun_f_f_a_f": [
            [
                -322.944091796875,
                -35.40698445397104
            ],
            [
                -312.944091796875,
                -35.40698445397104
            ],
            [
                -316.0,
                -35.40698445397104
            ],
            [
                -316.0,
                -35.40698445397104
            ],
            [
                -284.0,
                -35.40698445397104
            ],
            [
                -284.0,
                -44.40698445397104
            ],
            [
                -257.637013750846,
                -44.40698445397104
            ],
            [
                -247.63701375084602,
                -44.40698445397104
            ]
        ],
        "a_r__res_r_r": [
            [
                -201.23613484459602,
                -44.40698445397104
            ],
            [
                -191.23613484459602,
                -44.40698445397104
            ],
            [
                -177.03120422001905,
                -44.40698445397104
            ],
            [
                -177.03120422001905,
                -35.406984453971035
            ],
            [
                -162.82627359544207,
                -35.406984453971035
            ],
            [
                -152.82627359544207,
                -35.406984453971035
            ]
        ],
        "a_r2_a_f2": [
            [
                -201.23613484459605,
                -30.329152422721023
            ],
            [
                -185.23613484459605,
                -30.329152422721023
            ],
            [
                -185.23613484459605,
                -11.528812657942069
            ],
            [
                -267.63701375084605,
                -11.528812657942069
            ],
            [
                -267.63701375084605,
                -30.329152422721023
            ],
            [
                -247.63701375084605,
                -30.329152422721023
            ]
        ],
        "_fun_f_f__res_r_r": [
            [
                -142.026123046875,
                -3.4648437500000018
            ],
            [
                -132.026123046875,
                -3.4648437500000018
            ],
            [
                -132.0,
                -3.4648437500000018
            ],
            [
                -132.0,
                -3.4648437500000018
            ],
            [
                -108.0,
                -3.4648437500000018
            ],
            [
                -108.0,
                0.53515625
            ],
            [
                6.27734375,
                0.53515625
            ],
            [
                16.27734375,
                0.53515625
            ]
        ]
    }
}