{
    "nodes": {
        "_fun_f": [
            0.0,
            0.0
        ],
        "_res_r": [
            111.155954999154,
            0.0
        ],
        "a": [
            101.0,
            0.0
        ],
        "a/r2_r": [
            101.00000000000003,
            42.0
        ]
    },
    "edges": {
        "_fun_f_f_a_f": [
            [
                29.805908203125,
                24.878171796028965
            ],
            [
                39.805908203125,
                24.878171796028965
            ],
            [
                38.76142374915396,
                24.878171796028965
            ],
            [
                38.76142374915396,
                24.878171796028965
            ],
            [
                94.76142374915396,
                24.878171796028965
            ],
            [
                104.76142374915396,
                24.878171796028965
            ]
        ],
        "a_r__res_r_r": [
            [
                151.16230265540395,
                24.878171796028965
            ],
            [
                161.16230265540395,
                24.878171796028965
            ],
            [
                175.54301452998095,
                24.878171796028965
            ],
            [
                175.54301452998095,
                24.878171796028965
            ],
            [
                189.92372640455795,
                24.878171796028965
            ],
            [
                199.92372640455795,
                24.878171796028965
            ]
        ],
        "a_r2_a_f2": [
            [
                151.16230265540395,
                38.95600382727897
            ],
            [
                171.16230265540395,
                38.95600382727897
            ],
            [
                171.16230265540395,
                57.75634359205793
            ],
            [
                84.76142374915396,
                57.75634359205793
            ],
            [
                84.76142374915396,
                38.95600382727897
            ],
            [
                104.76142374915396,
                38.95600382727897
            ]
        ],
        "_fun_f_f__res_r_r": [
            [
                29.805908203125,
                15.999999999999998
            ],
            [
                39.805908203125,
                15.999999999999998
            ],
            [
                37.155954999154005,
                15.999999999999998
            ],
            [
                37.155954999154005,
                15.999999999999998
            ],
            [
                101.155954999154,
                15.999999999999998
            ],
            [
                111.155954999154,
                16.0
            ]
        ],
        "a/r2_r_a/r2_a/r2_r_a/r2": [
            [
                173.550486249154,
                71.83925578040397
            ],
            [
                193.550486249154,
                71.83925578040397
            ],
            [
                193.550486249154,
                95.60067952955794
            ],
            [
                84.761423749154,
                95.60067952955794
            ],
            [
                84.761423749154,
                71.83925578040397
            ],
            [
                104.761423749154,
                71.83925578040397
            ]
        ]
    }
}