{
    "nodes": {
        "_fun_f": [
            0.0,
            13.841795858951983
        ],
        "_res_r": [
            454.85281374238565,
            0.0
        ],
        "a": [
            101.0,
            0.0
        ],
        "a/_mult": [
            450.12157031933026,
            44.53077421444766
        ],
        "a/_plus": [
            177.52284749830793,
            21.11928812542302
        ],
        "a/_sum": [
            101.0,
            19.04145609417302
        ],
        "a/_sum_a/_result_a/_plus_a/_op": [
            -292.2053724931524,
            -26.763279055128237
        ],
        "a/_plus_a/_res2_a/_mult_a/_op": [
            -175.68252499484447,
            -22.01327905512823
        ],
        "a/_plus_a/_res2__res_r_r": [
            -175.68252499484447,
            -42.89399092970521
        ],
        "a/_mult_a/_res_a/_sum_a/_res": [
            -326.2053724931524,
            -14.974363039503238
        ],
        "_fun_f_f_a/_sum_a/f1": [
            -391.1608880391814,
            -29.052195070753235
        ],
        "_conv_a/_plus_a/_res2__res_r_r": [
            370.5685424949238,
            0.23857625084603562
        ],
        "_conv_a/_plus_a/_res2_a/_mult_a/_op": [
            370.5685424949238,
            42.0
        ],
        "_joinres_a/_plus_a/_res2": [
            294.04569499661585,
            19.04145609417302
        ]
    },
    "edges": {
        "_fun_f_f_a_f1": [
            [
                29.805908203125,
                24.878171796028965
            ],
            [
                39.805908203125,
                24.878171796028965
            ],
            [
                38.76142374915396,
                24.878171796028965
            ],
            [
                38.76142374915396,
                24.878171796028965
            ],
            [
                94.76142374915396,
                24.878171796028965
            ],
            [
                104.76142374915396,
                24.878171796028965
            ]
        ],
        "a_r1__res_r_r": [
            [
                151.16230265540395,
                24.878171796028965
            ],
            [
                161.16230265540395,
                24.878171796028965
            ],
            [
                175.54301452998095,
                24.878171796028965
            ],
            [
                175.54301452998095,
                24.878171796028965
            ],
            [
                189.92372640455795,
                24.878171796028965
            ],
            [
                199.92372640455795,
                24.878171796028965
            ]
        ],
        "a_r2_a_f2": [
            [
                151.16230265540395,
                38.95600382727897
            ],
            [
                171.16230265540395,
                38.95600382727897
            ],
            [
                171.16230265540395,
                57.75634359205793
            ],
            [
                84.76142374915396,
                57.75634359205793
            ],
            [
                84.76142374915396,
                38.95600382727897
            ],
            [
                104.76142374915396,
                38.95600382727897
            ]
        ],
        "_fun_f_f_a/_sum_a/f1": [
            [
                29.805908203125,
                29.841795858951983
            ],
            [
                39.805908203125,
                29.841795858951983
            ],
            [
                38.76142374915396,
                29.841795858951983
            ],
            [
                38.76142374915396,
                29.841795858951983
            ],
            [
                94.76142374915396,
                29.841795858951983
            ],
            [
                104.76142374915396,
                29.841795858951983
            ]
        ],
        "a/_mult_a/_res_a/_sum_a/_res": [
            [
                517.8829940684843,
                60.29219796360163
            ],
            [
                527.8829940684843,
                60.29219796360163
            ],
            [
                524.0,
                60.29219796360163
            ],
            [
                524.0,
                60.29219796360163
            ],
            [
                532.0,
                60.29219796360163
            ],
            [
                532.0,
                84.0
            ],
            [
                92.0,
                84.0
            ],
            [
                92.0,
                43.91962789020199
            ],
            [
                94.76142374915396,
                43.91962789020199
            ],
            [
                104.76142374915396,
                43.91962789020199
            ]
        ],
        "a/_plus_a/_res2__res_r_r": [
            [
                -174.68252499484447,
                -21.01327905512823
            ],
            [
                -164.68252499484447,
                -21.01327905512823
            ],
            [
                -164.0,
                -21.01327905512823
            ],
            [
                -164.0,
                -55.42519706295215
            ],
            [
                -91.0990199001647,
                -55.42519706295215
            ],
            [
                -81.0990199001647,
                -55.42519706295215
            ]
        ],
        "a/_plus_a/_res2_a/_mult_a/_op": [
            [
                -174.68252499484447,
                -21.01327905512823
            ],
            [
                -164.68252499484447,
                -21.01327905512823
            ],
            [
                -148.42110124569052,
                -21.01327905512823
            ],
            [
                -148.42110124569052,
                -0.1325671805512414
            ],
            [
                -132.15967749653657,
                -0.1325671805512414
            ],
            [
                -122.15967749653657,
                -0.1325671805512414
            ]
        ],
        "a/_sum_a/_result_a/_plus_a/_op": [
            [
                128.76142374915395,
                36.88071187457698
            ],
            [
                138.76142374915395,
                36.88071187457698
            ],
            [
                139.2842712474619,
                36.88071187457698
            ],
            [
                139.2842712474619,
                36.88071187457698
            ],
            [
                171.2842712474619,
                36.88071187457698
            ],
            [
                181.2842712474619,
                36.88071187457699
            ]
        ],
        "_conv_a/_plus_a/_res2__res_r_r_r__res_r_r": [
            [
                398.32996624407775,
                16.000000000000004
            ],
            [
                408.32996624407775,
                16.000000000000004
            ],
            [
                426.5913899932317,
                16.000000000000004
            ],
            [
                426.5913899932317,
                16.0
            ],
            [
                444.8528137423857,
                16.0
            ],
            [
                454.8528137423857,
                16.0
            ]
        ],