{
    "nodes": {
        "_fun_f": [
            0.0,
            0.0
        ],
        "_res_r_1": [
            0.0,
            0.0
        ],
        "_res_r_2": [
            0.0,
            0.0
        ],
        "_invmult": [
            0.0,
            0.0
        ]
    },
    "edges": {
        "_fun_f_f__invmult__result": [
            [
                27.96161906165397,
                9.800339764778968
            ],
            [
                37.96161906165397,
                9.800339764778968
            ],
            [
                37.96161906165397,
                13.819797772591468
            ],
            [
                -8.238576250846032,
                13.819797772591468
            ],
            [
                -8.238576250846032,
                17.839255780403967
            ],
            [
                3.761423749153968,
                17.839255780403967
            ]
        ],
        "_invmult_r_1__res_r_1_r_1": [
            [
                33.76142374915397,
                10.800339764778965
            ],
            [
                43.76142374915397,
                10.800339764778965
            ],
            [
                43.76142374915397,
                10.300339764778967
            ],
            [
                -7.238576250846032,
                10.300339764778967
            ],
            [
                -7.238576250846032,
                9.800339764778968
            ],
            [
                2.761423749153968,
                9.800339764778968
            ]
        ],
        "_invmult_r_2__res_r_2_r_2": [
            [
                33.76142374915397,
                24.878171796028965
            ],
            [
                43.76142374915397,
                24.878171796028965
            ],
            [
                43.76142374915397,
                17.339255780403967
            ],
            [
                -5.238576250846032,
                17.339255780403967
            ],
            [
                -5.238576250846032,
                9.800339764778968
            ],
            [
                2.761423749153968,
                9.800339764778968
            ]
        ]
    }
}