{
    "nodes": {
        "_fun_f": [
            0.0,
            3.0
        ],
        "_res_r": [
            172.19413249661588,
            3.0
        ],
        "a": [
            148.36405437161588,
            32.60067952955794
        ],
        "a/_plus": [
            157.01847331692838,
            92.35702312161587
        ],
        "a/_sup-f-r": [
            75.72304281080795,
            0.0
        ],
        "a_r2_a_f2-_dummy1": [
            187.91429648014486,
            127.9577026511738
        ],
        "a_r2_a_f2-_dummy2": [
            187.91429648014486,
            137.9577026511738
        ]
    },
    "edges": {
        "_fun_f_f_a_f": [
            [
                27.96161906165397,
                12.800339764778968
            ],
            [
                37.96161906165397,
                12.800339764778968
            ],
            [
                37.96161906165397,
                12.800339764778968
            ],
            [
                37.96161906165397,
                57.478851325586895
            ],
            [
                142.12547812076986,
                57.478851325586895
            ],
            [
                152.12547812076986,
                57.478851325586895
            ]
        ],
        "a_r__res_r_r": [
            [
                223.70311483951986,
                57.478851325586895
            ],
            [
                233.70311483951986,
                57.478851325586895
            ],
            [
                236.0,
                57.478851325586895
            ],
            [
                236.0,
                -4.0
            ],
            [
                164.0,
                -4.0
            ],
            [
                164.0,
                12.800339764778968
            ],
            [
                164.95555624576986,
                12.800339764778968
            ],
            [
                174.95555624576986,
                12.800339764778968
            ]
        ],
        "a_r2_a_f2": [
            [
                223.70311483951986,
                71.5566833568369
            ],
            [
                243.70311483951986,
                71.5566833568369
            ],
            [
                243.70311483951986,
                90.35702312161587
            ],
            [
                132.12547812076986,
                90.35702312161587
            ],
            [
                132.12547812076986,
                71.5566833568369
            ],
            [
                152.12547812076986,
                71.5566833568369
            ]
        ],
        "_fun_f_f_a_f2": [
            [
                27.96161906165397,
                12.800339764778968
            ],
            [
                37.96161906165397,
                12.800339764778968
            ],
            [
                37.484466559961916,
                12.800339764778968
            ],
            [
                37.484466559961916,
                12.800339764778968
            ],
            [
                69.48446655996192,
                12.800339764778968
            ],
            [
                79.48446655996192,
                12.800339764778967
            ]
        ],
        "a_r__res_r_r2": [
            [
                99.60263062246192,
                12.800339764778967
            ],
            [
                109.60263062246192,
                12.800339764778967
            ],
            [
                108.95555624576986,
                12.800339764778967
            ],
            [
                108.95555624576986,
                12.800339764778967
            ],
            [
                164.95555624576986,
                12.800339764778967
            ],
            [
                174.95555624576986,
                12.800339764778968
            ]
        ]
    }
}