{
    "nodes": {
        "_fun_f_1": [
            0.0,
            0.0
        ],
        "_fun_f_2": [
            0.003173828125,
            29.600679529557937
        ],
        "_res_r": [
            161.86405437161588,
            14.800339764778968
        ],
        "_sum": [
            79.34120687330795,
            6.76142374915397
        ],
        "_c": [
            0.0,
            0.0
        ]
    },
    "edges": {
        "_fun_f_1_f_1__sum_f_1": [
            [
                31.57978312415397,
                9.800339764778968
            ],
            [
                41.57978312415397,
                9.800339764778968
            ],
            [
                57.34120687330794,
                9.800339764778968
            ],
            [
                57.34120687330794,
                17.561763513932934
            ],
            [
                73.10263062246192,
                17.561763513932934
            ],
            [
                83.10263062246192,
                17.561763513932934
            ]
        ],
        "_fun_f_2_f_2__sum_f_2": [
            [
                31.57660929602897,
                39.401019294336905
            ],
            [
                41.57660929602897,
                39.401019294336905
            ],
            [
                57.33961995924544,
                39.401019294336905
            ],
            [
                57.33961995924544,
                31.639595545182935
            ],
            [
                73.10263062246192,
                31.639595545182935
            ],
            [
                83.10263062246192,
                31.639595545182935
            ]
        ],
        "_sum__result__res_r_r": [
            [
                113.10263062246192,
                24.600679529557937
            ],
            [
                123.10263062246192,
                24.600679529557937
            ],
            [
                138.86405437161588,
                24.600679529557937
            ],
            [
                138.86405437161588,
                24.600679529557937
            ],
            [
                154.62547812076986,
                24.600679529557937
            ],
            [
                164.62547812076986,
                24.600679529557937
            ]
        ],
        "_c__c__res_r_r": [
            [
                58.32369486731803,
                12.800339764778967
            ],
            [
                68.32369486731804,
                12.800339764778967
            ],
            [
                68.32369486731804,
                11.300339764778968
            ],
            [
                -7.238576250846032,
                11.300339764778968
            ],
            [
                -7.238576250846032,
                9.800339764778968
            ],
            [
                2.761423749153968,
                9.800339764778968
            ]
        ]
    }
}